{"pcdist1":[0.084563767421053232,0,0,0,0.16912753484210641,0.2389260932074585,0.08456376742105326,0,0.16912753484210641,0.16912753484210635,0,0.0845637674210532],"ivdist1":[0,0,0,0,0.092375377346393853,0,0,0,0.17668617928587885,0,0,0.17668617928587887,0,0.18475075469278776,0.27712613203918179,0,0.0923753773463939,0,0,0,0,0,0,0,0],"durdist1":[0,0,0.89999999999918989,0,0,0,0.09999999999991,0,0],"entropy_pcdist1":0.75270367384893067,"nnotes":10,"keymode":1,"kkkey":22,"maxkkcc":0.56289044313876446,"ambitus":12,"complebm":4.2367099003206148,"compltrans":8.0503466666666661,"gradus":8.7777777777777786,"meldistance":1.6666666666551373,"notedensity":1.7499997083333818,"nPVI":26.666666666666671,"melcontour":[69,71,72,76,69,65,65,65,64,66],"segmentgestalt":[0,0,0,0,0,1,0,0,0,0],"segmentprob":[0,0,0,0,0,0,0,0,0.595098935263122,0.6360241576021225],"boundary":[1,0,0.026249996197917711,0.10499999416666791,0.25,0.038749998177083675,0.19749998687500261,0.52624999619791768,0.081249995677084769,0],"melaccent":[1,0.33,0.22110000000000002,0.5561,0.1207,0.24069999999999997,0.085,0.355,0.0957,0.67],"melattraction":[0,0.2,0.7,0.4,0,0.4,0,0.7,0,0.4],"mobility":[0,0,0,2.6666666666666639,2.989569952312868,1.7537141286518487,0.73686051937218044,0.56569334395302084,1.5240237901574767,0.5218209445947577],"narmour":[0,2,1,4,8,1,4,1,2,2],"tessitura":[0,0,0.70710678118654746,2.6186146828319083,2.7174648819470297,0.32108064953396781,1.3666397770281831,0.28867513459481292,0.520126331736996,0.53241390564966828]}